fecha,sesion_id,perfil,turno,rol,problema,intento_previo,respuesta
2026-05-06 12:04:20,d7aa2f3a,Competente,1,Alumno,Un coche parte con velocidad inicial de 5 m/s y acelera a 2 m/s² durante 3 s. ¿Qué velocidad final alcanza?,,"Bueno, primero necesitamos identificar el tipo de movimiento que está realizando el coche. En este caso, como tiene una aceleración constante, estamos tratando con un Movimiento Rectilíneo Uniformemente Acelerado (MRUA).

Para resolver el problema, podemos usar la fórmula que conecta la velocidad final \( v_f \), la velocidad inicial \( v_0 \), la aceleración \( a \) y el tiempo \( t \):
\[ v_f = v_0 + a \cdot t \]

Donde:
- \( v_0 = 5 \) m/s (la velocidad inicial)
- \( a = 2 \) m/s² (la aceleración)
- \( t = 3 \) s (el tiempo)

Sustituyendo los valores en la fórmula:
\[ v_f = 5 \, \text{m/s} + (2 \, \text{m/s}²) \cdot (3 \, \text{s}) \]

Ahora, calculamos \( a \cdot t \):
\[ a \cdot t = 2 \, \text{m/s}² \cdot 3 \, \text{s} = 6 \, \text{m/s} \]

Entonces, sustituimos este resultado en la fórmula inicial:
\[ v_f = 5 \, \text{m/s} + 6 \, \text{m/s} \]

Haciendo la suma:
\[ v_f = 11 \, \text{m/s} \]

Por lo tanto, la velocidad final que alcanza el coche tras 3 segundos es de 11 m/s. 

Me parece que he seguido todos los pasos correctamente, aunque la parte de multiplicar las unidades es un poco confusa a veces. Pero creo que el resultado está bien. Si tienes alguna duda acerca de cómo llegué a este resultado, pregúntame."
2026-05-06 12:04:20,d7aa2f3a,Competente,2,Profesor,Un coche parte con velocidad inicial de 5 m/s y acelera a 2 m/s² durante 3 s. ¿Qué velocidad final alcanza?,"Bueno, primero necesitamos identificar el tipo de movimiento que está realizando el coche. En este caso, como tiene una aceleración constante, estamos tratando con un Movimiento Rectilíneo Uniformemente Acelerado (MRUA).

Para resolver el problema, podemos usar la fórmula que conecta la velocidad final \( v_f \), la velocidad inicial \( v_0 \), la aceleración \( a \) y el tiempo \( t \):
\[ v_f = v_0 + a \cdot t \]

Donde:
- \( v_0 = 5 \) m/s (la velocidad inicial)
- \( a = 2 \) m/s² (la aceleración)
- \( t = 3 \) s (el tiempo)

Sustituyendo los valores en la fórmula:
\[ v_f = 5 \, \text{m/s} + (2 \, \text{m/s}²) \cdot (3 \, \text{s}) \]

Ahora, calculamos \( a \cdot t \):
\[ a \cdot t = 2 \, \text{m/s}² \cdot 3 \, \text{s} = 6 \, \text{m/s} \]

Entonces, sustituimos este resultado en la fórmula inicial:
\[ v_f = 5 \, \text{m/s} + 6 \, \text{m/s} \]

Haciendo la suma:
\[ v_f = 11 \, \text{m/s} \]

Por lo tanto, la velocidad final que alcanza el coche tras 3 segundos es de 11 m/s. 

Me parece que he seguido todos los pasos correctamente, aunque la parte de multiplicar las unidades es un poco confusa a veces. Pero creo que el resultado está bien. Si tienes alguna duda acerca de cómo llegué a este resultado, pregúntame.","[CATEGORÍA A — Razonamiento correcto y resultado correcto]

¡Excelente trabajo! Has identificado correctamente el tipo de movimiento como un MRUA y has aplicado adecuadamente la fórmula para calcular la velocidad final. Además, tu proceso de sustitución y cálculo está muy bien explicado.

Es natural sentir inseguridad con algunas partes, pero aquí has demostrado un buen entendimiento del concepto. Si tienes alguna otra pregunta sobre este tema o algún otro que quieras repasar, ¡aquí estoy para ayudarte! 

¿Te gustaría que exploremos otro tipo de problemas relacionados con el MRUA o alguna otra área de la cinemática?"
2026-05-06 12:04:20,d7aa2f3a,Competente,3,Alumno,Un coche parte con velocidad inicial de 5 m/s y acelera a 2 m/s² durante 3 s. ¿Qué velocidad final alcanza?,"[CATEGORÍA A — Razonamiento correcto y resultado correcto]

¡Excelente trabajo! Has identificado correctamente el tipo de movimiento como un MRUA y has aplicado adecuadamente la fórmula para calcular la velocidad final. Además, tu proceso de sustitución y cálculo está muy bien explicado.

Es natural sentir inseguridad con algunas partes, pero aquí has demostrado un buen entendimiento del concepto. Si tienes alguna otra pregunta sobre este tema o algún otro que quieras repasar, ¡aquí estoy para ayudarte! 

¿Te gustaría que exploremos otro tipo de problemas relacionados con el MRUA o alguna otra área de la cinemática?","¡Hola! Gracias por tus comentarios. Estoy bastante contento con cómo he resuelto el problema, pero quiero ver si podemos practicar más para sentirme aún más seguro. 

Si entiendo bien, el coche partió con una velocidad de 5 m/s y aceleró a 2 m/s² durante 3 segundos, y encontré que su velocidad final es de 11 m/s. Está bien, pero, ¿qué pasaría si el tiempo fuera diferente? Por ejemplo, ¿qué pasaría si el coche acelera durante 5 segundos en vez de 3? ¿La fórmula sería la misma?

Creo que solo tendría que cambiar el valor del tiempo en la fórmula, así que sería:

\[ v_f = v_0 + a \cdot t \]

Sustituyendo los valores:
- \( v_0 = 5 \) m/s
- \( a = 2 \) m/s²
- \( t = 5 \) s

Así que:

\[ v_f = 5 \, \text{m/s} + (2 \, \text{m/s}²) \cdot (5 \, \text{s}) \]

Ahora calculamos \( a \cdot t \):

\[ a \cdot t = 2 \, \text{m/s}² \cdot 5 \, \text{s} = 10 \, \text{m/s} \]

Entonces reemplazo:

\[ v_f = 5 \, \text{m/s} + 10 \, \text{m/s} \]

Realizando la suma:

\[ v_f = 15 \, \text{m/s} \]

Así que, si acelera durante 5 segundos, la velocidad final del coche sería de 15 m/s. Creo que está bien, ¿no? 

No sé, quizás he cometido un pequeño error al redondear las unidades o algo así, pero creo que he aplicado bien el concepto. ¿Qué piensas?"
2026-05-06 12:04:20,f3cd260b,Medio,1,Alumno,Un coche parte con velocidad inicial de 5 m/s y acelera a 2 m/s² durante 3 s. ¿Qué velocidad final alcanza?,,"Primero, tengo que pensar en cómo se mueve el coche. Me parece que está acelerando, así que podría usar la fórmula de la velocidad final. Pero la verdad, estoy un poco confundido entre movimiento rectilíneo uniforme (MRU) y movimiento rectilíneo uniformemente acelerado (MRUA). Aquí, como el coche está acelerando, debería usar MRUA, aunque no estoy seguro.

Voy a usar la fórmula de la velocidad final que creo que es: 

\[ v = a \cdot t \]

donde ""v"" es la velocidad final, ""a"" es la aceleración y ""t"" es el tiempo. Pero me parece que no tengo en cuenta la velocidad inicial, que era de 5 m/s. Creo que eso no importa porque me concentraré en la aceleración solamente.

Entonces, sustituyo los valores:

\[ v = 2 \, \text{m/s}^2 \cdot 3 \, \text{s} = 6 \, \text{m/s} \]

Hasta aquí tengo 6 m/s como resultado. Pero wait... creo que debería haber sumado los 5 m/s de la velocidad inicial, que ahora que lo pienso, es bastante importante. Sin embargo, no lo hice y llegué a 6 m/s que sería la velocidad final. 

Así que creo que el coche acaba alcanzando una velocidad final de 6 m/s."
2026-05-06 12:04:20,f3cd260b,Medio,2,Profesor,Un coche parte con velocidad inicial de 5 m/s y acelera a 2 m/s² durante 3 s. ¿Qué velocidad final alcanza?,"Primero, tengo que pensar en cómo se mueve el coche. Me parece que está acelerando, así que podría usar la fórmula de la velocidad final. Pero la verdad, estoy un poco confundido entre movimiento rectilíneo uniforme (MRU) y movimiento rectilíneo uniformemente acelerado (MRUA). Aquí, como el coche está acelerando, debería usar MRUA, aunque no estoy seguro.

Voy a usar la fórmula de la velocidad final que creo que es: 

\[ v = a \cdot t \]

donde ""v"" es la velocidad final, ""a"" es la aceleración y ""t"" es el tiempo. Pero me parece que no tengo en cuenta la velocidad inicial, que era de 5 m/s. Creo que eso no importa porque me concentraré en la aceleración solamente.

Entonces, sustituyo los valores:

\[ v = 2 \, \text{m/s}^2 \cdot 3 \, \text{s} = 6 \, \text{m/s} \]

Hasta aquí tengo 6 m/s como resultado. Pero wait... creo que debería haber sumado los 5 m/s de la velocidad inicial, que ahora que lo pienso, es bastante importante. Sin embargo, no lo hice y llegué a 6 m/s que sería la velocidad final. 

Así que creo que el coche acaba alcanzando una velocidad final de 6 m/s.","[CATEGORÍA B — Razonamiento parcialmente correcto pero con error.]

Has identificado correctamente que el coche está en movimiento rectilíneo uniformemente acelerado (MRUA) y has comenzado a pensar en las ecuaciones relacionadas con este tipo de movimiento. Sin embargo, como bien notaste, no has considerado la velocidad inicial en tu cálculo final.

Ahora, para aclarar este punto, ¿podrías explicarme qué información crees que se debe incluir en la fórmula de la velocidad final para un objeto que parte con una velocidad inicial y tiene una aceleración?"
2026-05-06 12:04:20,f3cd260b,Medio,3,Alumno,Un coche parte con velocidad inicial de 5 m/s y acelera a 2 m/s² durante 3 s. ¿Qué velocidad final alcanza?,"[CATEGORÍA B — Razonamiento parcialmente correcto pero con error.]

Has identificado correctamente que el coche está en movimiento rectilíneo uniformemente acelerado (MRUA) y has comenzado a pensar en las ecuaciones relacionadas con este tipo de movimiento. Sin embargo, como bien notaste, no has considerado la velocidad inicial en tu cálculo final.

Ahora, para aclarar este punto, ¿podrías explicarme qué información crees que se debe incluir en la fórmula de la velocidad final para un objeto que parte con una velocidad inicial y tiene una aceleración?","Claro, el problema que planteas tiene que ver con el movimiento rectilíneo uniformemente acelerado (MRUA), y es algo que tenemos que tener claro. Me doy cuenta que al calcular la velocidad final, debería tomar en cuenta la velocidad inicial del coche, que es de 5 m/s. 

Me parece que la fórmula correcta para calcular la velocidad final en un MRUA es:

\[ v_f = v_0 + a \cdot t \]

donde \( v_f \) es la velocidad final, \( v_0 \) es la velocidad inicial, \( a \) es la aceleración y \( t \) es el tiempo.

Sin embargo, en mi cálculo inicial, no usé esta fórmula completa y solo me enfoqué en la parte de la aceleración. Así que, si lo pienso de nuevo, mi cálculo debería ser:

1. Tengo \( v_0 = 5 \, \text{m/s} \)
2. \( a = 2 \, \text{m/s}^2 \)
3. \( t = 3 \, \text{s} \)

Ahora, sustituyendo en la fórmula, haría:

\[ v_f = 5 \, \text{m/s} + (2 \, \text{m/s}^2 \cdot 3 \, \text{s}) \]

Primero, el término de la aceleración sería:

\[ 2 \, \text{m/s}^2 \cdot 3 \, \text{s} = 6 \, \text{m/s} \]

Y ahora sumaríamos esto a la velocidad inicial:

\[ v_f = 5 \, \text{m/s} + 6 \, \text{m/s} = 11 \, \text{m/s} \]

Así que el coche alcanza finalmente una velocidad de 11 m/s, teniendo en cuenta la aceleración y la velocidad inicial. Si no hubiese incluido la velocidad inicial al principio, mi resultado de 6 m/s estaría incompleto. ¡Ahora entiendo cómo hacerlo correctamente!"
2026-05-06 12:04:20,9470641e,Con dificultades,1,Alumno,Un coche parte con velocidad inicial de 5 m/s y acelera a 2 m/s² durante 3 s. ¿Qué velocidad final alcanza?,,"Vale, a ver, creo que la fórmula que tengo que usar aquí es la de la velocidad final. No sé si es esta, pero creo que es:

vf = vi + a·t

Donde vf es la velocidad final, vi es la velocidad inicial, a es la aceleración y t es el tiempo. 

Entonces, según los datos que tengo, la velocidad inicial (vi) es de 5 m/s, la aceleración (a) es de 2 m/s² y el tiempo (t) es de 3 s.

Así que, siguiendo con eso, tendría que hacer:

vf = 5 m/s + (2 m/s² * 3 s)

No estoy seguro si esto está bien, porque no sé si hay que hacer algo más, pero creo que puedo multiplicar primero:

2 m/s² * 3 s me da 6 m/s. 

Entonces, ahora sumo esto a la velocidad inicial: 

vf = 5 m/s + 6 m/s = 11 m/s.

Entonces, creo que la velocidad final es 11 m/s. Aunque no estoy muy seguro, ¿está bien? "
2026-05-06 12:04:20,9470641e,Con dificultades,2,Profesor,Un coche parte con velocidad inicial de 5 m/s y acelera a 2 m/s² durante 3 s. ¿Qué velocidad final alcanza?,"Vale, a ver, creo que la fórmula que tengo que usar aquí es la de la velocidad final. No sé si es esta, pero creo que es:

vf = vi + a·t

Donde vf es la velocidad final, vi es la velocidad inicial, a es la aceleración y t es el tiempo. 

Entonces, según los datos que tengo, la velocidad inicial (vi) es de 5 m/s, la aceleración (a) es de 2 m/s² y el tiempo (t) es de 3 s.

Así que, siguiendo con eso, tendría que hacer:

vf = 5 m/s + (2 m/s² * 3 s)

No estoy seguro si esto está bien, porque no sé si hay que hacer algo más, pero creo que puedo multiplicar primero:

2 m/s² * 3 s me da 6 m/s. 

Entonces, ahora sumo esto a la velocidad inicial: 

vf = 5 m/s + 6 m/s = 11 m/s.

Entonces, creo que la velocidad final es 11 m/s. Aunque no estoy muy seguro, ¿está bien? ","[CATEGORÍA A — Razonamiento correcto y resultado correcto]

¡Excelente trabajo! Has logrado identificar y aplicar correctamente la fórmula de la velocidad final. Tu razonamiento es claro y bien estructurado. La forma en que usaste los datos y realizaste el cálculo es correcta. La velocidad final que obtuviste es efectivamente 11 m/s.

Si sientes inseguridad, me gustaría que supieras que lo hiciste muy bien. ¿Tienes alguna pregunta sobre el problema o algún aspecto que quisieras que revisemos juntos?"
2026-05-06 12:04:20,9470641e,Con dificultades,3,Alumno,Un coche parte con velocidad inicial de 5 m/s y acelera a 2 m/s² durante 3 s. ¿Qué velocidad final alcanza?,"[CATEGORÍA A — Razonamiento correcto y resultado correcto]

¡Excelente trabajo! Has logrado identificar y aplicar correctamente la fórmula de la velocidad final. Tu razonamiento es claro y bien estructurado. La forma en que usaste los datos y realizaste el cálculo es correcta. La velocidad final que obtuviste es efectivamente 11 m/s.

Si sientes inseguridad, me gustaría que supieras que lo hiciste muy bien. ¿Tienes alguna pregunta sobre el problema o algún aspecto que quisieras que revisemos juntos?","Vale, gracias por tus palabras sobre mi solución, pero voy a intentar explicar cómo lo hice de nuevo para asegurarme de que entendí todo.

La verdad es que no estoy seguro de si usé la fórmula correcta o si hice bien los cálculos. Espero que esto esté bien. 

Entonces, la fórmula que usé fue: 

vf = vi + a·t

Donde: 
- vf es la velocidad final,
- vi es la velocidad inicial (que es 5 m/s),
- a es la aceleración (2 m/s²),
- t es el tiempo (3 s).

Primero, creo que multipliqué 2 m/s² por 3 s. No sé si esto está bien porque la aceleración y el tiempo son diferentes, pero creo que simplemente se multiplica así:

2 m/s² * 3 s = 6 m/s. 

Entonces, esto tiene sentido, ¿no? Pero no estoy seguro porque ya mezclamos unidades. Luego, sumé esto a la velocidad inicial:

5 m/s + 6 m/s = 11 m/s.

Y eso me dio como resultado 11 m/s. Pero no sé si está bien mezclara la aceleración con la velocidad así, aunque por lo que he visto en clase lo hice bien, no estoy completamente seguro. 

Si hay algún problema con mi cálculo o si la forma en que lo hice no es correcta, me gustaría entender un poco mejor. Gracias por tu ayuda."
