fecha,sesion_id,turno,rol,perfil_alumno,problema,intento_previo,respuesta
2026-05-06 10:57:39,e5083758,1,Alumno,Con dificultades,Un objeto cae durante 2 segundos. ¿Qué velocidad alcanza?,,"Bueno, creo que para calcular la velocidad que alcanza el objeto después de 2 segundos, podría usar la fórmula de la velocidad, que es v = a · t. No estoy muy seguro, pero creo que la aceleración debida a la gravedad es aproximadamente 9.8 m/s². Entonces, tengo que multiplicar eso por el tiempo que es 2 segundos. 

Así que haría lo siguiente:

v = a · t  
v = 9.8 m/s² · 2 s

Si multiplico eso, me da 19.6 m/s. Pero no sé si eso está bien, porque creo que debería tener en cuenta que esto es como una ""aceleración"", y aquí estoy usando para encontrar la ""velocidad"" final directamente. 

Y, eh, la verdad es que no estoy seguro si esto es correcto. ¿La fórmula es la adecuada? ¿O debería haber calculado algo diferente? Estoy un poco confundido con todo esto."
2026-05-06 10:57:39,e5083758,2,Profesor,,Un objeto cae durante 2 segundos. ¿Qué velocidad alcanza?,"Bueno, creo que para calcular la velocidad que alcanza el objeto después de 2 segundos, podría usar la fórmula de la velocidad, que es v = a · t. No estoy muy seguro, pero creo que la aceleración debida a la gravedad es aproximadamente 9.8 m/s². Entonces, tengo que multiplicar eso por el tiempo que es 2 segundos. 

Así que haría lo siguiente:

v = a · t  
v = 9.8 m/s² · 2 s

Si multiplico eso, me da 19.6 m/s. Pero no sé si eso está bien, porque creo que debería tener en cuenta que esto es como una ""aceleración"", y aquí estoy usando para encontrar la ""velocidad"" final directamente. 

Y, eh, la verdad es que no estoy seguro si esto es correcto. ¿La fórmula es la adecuada? ¿O debería haber calculado algo diferente? Estoy un poco confundido con todo esto.","[Categoría A — Razonamiento correcto]

Has hecho un buen trabajo al identificar la fórmula adecuada y los valores necesarios para resolver el problema. Tu razonamiento es correcto, no debes dudar de él. La fórmula que has utilizado, \( v = a \cdot t \), es la correcta para calcular la velocidad final de un objeto en caída libre, dado que consideras la aceleración de la gravedad como \( 9.8 \, \text{m/s}^2 \) y el tiempo como \( 2 \, s \).

Tu resultado de \( 19.6 \, \text{m/s} \) es correcto. 

Para asegurarnos de que todo esté claro, ¿puedes comentarme qué significan las unidades que has utilizado en el cálculo y si el resultado tiene sentido físico en este contexto?"
2026-05-06 10:57:39,e5083758,3,Alumno,Con dificultades,Un objeto cae durante 2 segundos. ¿Qué velocidad alcanza?,"[Categoría A — Razonamiento correcto]

Has hecho un buen trabajo al identificar la fórmula adecuada y los valores necesarios para resolver el problema. Tu razonamiento es correcto, no debes dudar de él. La fórmula que has utilizado, \( v = a \cdot t \), es la correcta para calcular la velocidad final de un objeto en caída libre, dado que consideras la aceleración de la gravedad como \( 9.8 \, \text{m/s}^2 \) y el tiempo como \( 2 \, s \).

Tu resultado de \( 19.6 \, \text{m/s} \) es correcto. 

Para asegurarnos de que todo esté claro, ¿puedes comentarme qué significan las unidades que has utilizado en el cálculo y si el resultado tiene sentido físico en este contexto?","Vale, voy a tratar de explicar un poco más lo que hice. O sea, usé la fórmula v = a · t, como dije. Y, bueno, la a que usé fue 9.8 m/s², que según creo que es la aceleración de la gravedad. No sé si eso está bien, pero como es algo que se suele mencionar en este tipo de problemas, pensé que sí.

Entonces, multiplicando eso por el tiempo de 2 segundos, me da 19.6 m/s. Pero lo que no tengo claro es si la ""velocidad final"" que me da es realmente lo que busco. 

Solo sé que 19.6 m/s es lo que tendría el objeto después de esos 2 segundos de caída, y creo que eso es rápido, ¿no? Pero, eh, ¿realmente es correcta mi forma de calcularlo? Tal vez debería haber usado otra fórmula, pero como no sé otras que se apliquen en este caso, pues me quedé con esta.

No estoy seguro de si el resultado tiene sentido, pero creo que sí, porque es una velocidad, y las unidades de m/s son para eso, así que supongo que no está tan mal. Espero que lo que he hecho esté bien, aunque tengo mis dudas. ¿Podrías ayudarme a aclarar si todo lo que hice tiene sentido y si está bien aplicado?"
2026-05-06 10:57:50,8c3d4880,1,Alumno,Con dificultades,Un coche parte con velocidad inicial de 5 m/s y acelera a 2 m/s² durante 3 s. ¿Qué velocidad final alcanza?,,"Vale, voy a intentar resolver este problema, aunque no estoy muy seguro de si lo haré bien.

Entonces, el coche tiene una velocidad inicial de 5 m/s y una aceleración de 2 m/s². Creo que la aceleración debería influir en la velocidad final, así que quizás necesito usar una fórmula. No sé si esta es la correcta, pero voy a intentar usar v = a * t. 

En este caso sería:

- a = 2 m/s²
- t = 3 s

Entonces, calculo v de esta manera:

v = a * t  
v = 2 m/s² * 3 s  
v = 6 m/s

Pero eso no parece ser la velocidad final, solo es como una especie de velocidad ""extra"" que logra el coche. Aunque me parece que sería genial si sumo esto a la velocidad inicial.

Entonces sumo la velocidad inicial (5 m/s) con el resultado que he obtenido (6 m/s):

v final = 5 m/s + 6 m/s = 11 m/s.

No sé si esto está bien, porque siento que he confundido un poco las cosas. Pero creo que la velocidad final del coche sería 11 m/s. Espero que sea correcto."
2026-05-06 10:57:50,8c3d4880,2,Profesor,,Un coche parte con velocidad inicial de 5 m/s y acelera a 2 m/s² durante 3 s. ¿Qué velocidad final alcanza?,"Vale, voy a intentar resolver este problema, aunque no estoy muy seguro de si lo haré bien.

Entonces, el coche tiene una velocidad inicial de 5 m/s y una aceleración de 2 m/s². Creo que la aceleración debería influir en la velocidad final, así que quizás necesito usar una fórmula. No sé si esta es la correcta, pero voy a intentar usar v = a * t. 

En este caso sería:

- a = 2 m/s²
- t = 3 s

Entonces, calculo v de esta manera:

v = a * t  
v = 2 m/s² * 3 s  
v = 6 m/s

Pero eso no parece ser la velocidad final, solo es como una especie de velocidad ""extra"" que logra el coche. Aunque me parece que sería genial si sumo esto a la velocidad inicial.

Entonces sumo la velocidad inicial (5 m/s) con el resultado que he obtenido (6 m/s):

v final = 5 m/s + 6 m/s = 11 m/s.

No sé si esto está bien, porque siento que he confundido un poco las cosas. Pero creo que la velocidad final del coche sería 11 m/s. Espero que sea correcto.","[Categoría B — Razonamiento parcialmente correcto]

Has hecho un buen análisis inicial y comprendido que se necesita usar la aceleración para encontrar la velocidad final del coche. Sin embargo, has cometido un error en la elección de la fórmula al calcular la velocidad ""extra"".

Ahora, vamos a enfocarnos en ese aspecto: ¿Puedes pensar en una fórmula que relacione la velocidad inicial, la aceleración y el tiempo para calcular la velocidad final directamente?"
2026-05-06 10:57:50,8c3d4880,3,Alumno,Con dificultades,Un coche parte con velocidad inicial de 5 m/s y acelera a 2 m/s² durante 3 s. ¿Qué velocidad final alcanza?,"[Categoría B — Razonamiento parcialmente correcto]

Has hecho un buen análisis inicial y comprendido que se necesita usar la aceleración para encontrar la velocidad final del coche. Sin embargo, has cometido un error en la elección de la fórmula al calcular la velocidad ""extra"".

Ahora, vamos a enfocarnos en ese aspecto: ¿Puedes pensar en una fórmula que relacione la velocidad inicial, la aceleración y el tiempo para calcular la velocidad final directamente?","¡Vale, gracias por tu ayuda! Estoy un poco confundido, pero intentaré verlo de nuevo.

El problema dice que un coche parte con una velocidad inicial de 5 m/s y tiene una aceleración de 2 m/s² durante 3 segundos. Entonces, lo que intenté hacer antes fue usar v = a * t. Pero, según lo que ahora entiendo, eso no está bien porque creo que debería usar también la velocidad inicial.

Entonces, creo que hay una fórmula que utiliza la velocidad inicial y la aceleración, pero no estoy tan seguro de cómo es. ¿Es algo así como v final = velocidad inicial + a * t? 

Si es esto, entonces puedo calcularlo:

- Velocidad inicial = 5 m/s
- Aceleración (a) = 2 m/s²
- Tiempo (t) = 3 s

Entonces calculo la velocidad final así:

v final = velocidad inicial + a * t  
v final = 5 m/s + 2 m/s² * 3 s.

Ahora, a ver... creo que la parte de a * t sería:

2 m/s² * 3 s = 6 m/s. 

Así que ahora lo sumo a la velocidad inicial:

v final = 5 m/s + 6 m/s = 11 m/s.

Es el mismo resultado que antes. No sé si está bien otra vez, pero parece que usando esta fórmula que mencioné ahora, todo sigue dando 11 m/s. No estoy seguro si he hecho todo correctamente, pero eso creo que es lo que me dices. ¡Espero que sí!"
